﻿BRAND NAME,INDICATION,WOMEN,WHITE,BLACK OR AFRICAN AMERICAN,ASIAN,"ALL OTHER (Aggregated):
American Indian or Alaska Native (AI/AN), Native Hawaiian or Other Pacific Islander (NH/OPI), Unknown/Unreported",HISPANIC OR LATINO (2017 AND LATER ONLY),UNITED STATES (2017 ONLY),"AGE
65 and OLDER","AGE
75 and OLDER","AGE
80 and OLDER",YEAR,NOTES,THERAPEUTIC AREA
ADDYI,"Treatment of acquired, generalized hypoactive sexual desire disorder (HSDD) in premenopausal women",100%,89%,8%,1%,2%,,,0%,0%,0%,2015,,PSYCHIATRY & SLEEP DISORDER
ALECENSA,For the treatment of metastatic non-small cell lung cancer,55%,74%,2%,18%,7%,,,14%,4%,<1%,2015,,ONCOLOGY
ARISTADA,Treatment of schizophrenia,32%,47%,40%,13%,<1%,,,0%,0%,0%,2015,,MENTAL HEALTH
AVYCAZ,Treatment of complicated intra-abdominal infection (abbreviated as cIAI),26%,60%,<1%,27%,12%,,,11%,8%,4%,2015,,INFECTIOUS DISEASE
AVYCAZ,Treatment of complicated urinary tract infection (abbreviated as cUTI),74%,60%,5%,10%,25%,,,17%,4%,3%,2015,,INFECTIOUS DISEASE
BRIDION,For the reversal of the effects of certain neuromuscular blocking agents,52%,84%,3%,12%,<1%,,,29%,<1%,<1%,2015,,ENDOCRINOLOGY & METABOLISM
CHOLBAM,For treatment of bile acid synthesis disorders due to single enzyme defects,43%,61%,11%,7%,20%,,,N/A,N/A,N/A,2015,,ENDOCRINOLOGY & METABOLISM
CHOLBAM,"For treatment of peroxisomal disorders, including Zellweger spectrum disorders",33%,83%,0%,0%,17%,,,N/A,N/A,N/A,2015,,IMMUNOLOGY
CORLANOR,To reduce hospitalization from worsening heart failure.,24%,89%,1%,8%,2%,,,38%,11%,3%,2015,,CARDIOVASCULAR
COSENTYX,Treatment of moderate to severe plaque psoriasis in adults who do not respond well to medication applied directly to the skin,30%,68%,1%,22%,9%,,,8%,1%,<1%,2015,,DERMATOLOGY
COTELLIC,Part of combination treatment melanoma,42%,93%,N/A,N/A,7%,,,27%,9%,3%,2015,,ONCOLOGY
CRESEMBA,Treatment of invasive aspergillosis,40%,78%,<1%,21%,<1%,,,24%,5%,<1%,2015,,INFECTIOUS DISEASE
CRESEMBA,Treatment of invasive mucormycosis,19%,68%,11%,22%,0%,,,14%,8%,0%,2015,,INFECTIOUS DISEASE
DAKLINZA,Treatment of chronic Hepatitis C genotype 3 infection,41%,90%,4%,5%,1%,,,7%,0%,0%,2015,,INFECTIOUS DISEASE
DARZALEX,Treatment of multiple myeloma,46%,76%,10%,6%,8%,,,45%,10%,3%,2015,,ONCOLOGY
EMPLICITI,Treatment of multiple myeloma,40%,84%,4%,10%,2%,,,57%,20%,7%,2015,,ONCOLOGY
ENTRESTO,Treatment of heart failure,22%,66%,5%,18%,11%,,,49%,19%,7%,2015,,CARDIOVASCULAR
FARYDAK,Treatment of multiple myeloma,48%,63%,3%,33%,1%,,,35%,5%,0%,2015,,ONCOLOGY
GENVOYA‚Ä†,Complete regimen for the treatment of HIV-1 in adults and children 12 years of age and older.,48%,0%,83%,17%,0%,,,0%,0%,0%,2015,,INFECTIOUS DISEASE
GENVOYA‚Ä°,Complete regimen for the treatment of HIV-1 in adults and children 12 years of age and older.,13%,61%,23%,9%,7%,,,3%,<1%,<1%,2015,,INFECTIOUS DISEASE
IBRANCE,"Treatment of a specific form of advanced breast cancer called ER-positive, HER2-negative (ER+/HER-) breast cancer in women who have gone through menopause (post-menopausal)",100%,90%,1%,6%,3%,,,46%,9%,3%,2015,,ONCOLOGY
KANUMA(i),Treatment of Lysosomal Acid Lipase (LAL) deficiency,44%,44%,11%,11%,33%,,,0%,0%,0%,2015,,ENDOCRINOLOGY & METABOLISM
KANUMA(ii),Treatment of Lysosomal Acid Lipase (LAL) deficiency,50%,83%,2%,5%,11%,,,0%,0%,0%,2015,,ENDOCRINOLOGY & METABOLISM
KENGREAL,For prevention of coronary artery blood clot formation in patients undergoing PCI,28%,94%,3%,3%,<1%,,,48%,18%,8%,2015,,CARDIOVASCULAR
KYBELLA,Treatment for double chin,85%,87%,8%,2%,3%,,,1%,0%,0%,2015,,DERMATOLOGY
LENVIMA,"Treatment of progressive, differentiated thyroid cancer (DTC) that can no longer be treated with radioactive iodine",49%,79%,2%,18%,<1%,,,40%,10%,4%,2015,,ONCOLOGY
LONSURF,Treatment of advanced colorectal cancer,39%,58%,1%,35%,7%,,,44%,8%,1%,2015,,ONCOLOGY
NATPARA,For control of hypocalcemia along with calcium and vitamin D in adults with hypoparathyroidism,79%,96%,<1%,2%,2%,,,6%,<1%,<1%,2015,,ENDOCRINOLOGY & METABOLISM
NINLARO,Treatment of multiple myeloma,43%,85%,2%,9%,5%,,,58%,2%,<1%,2015,,ONCOLOGY
NUCALA,For the treatment of a specific type of severe asthma (called eosinophilic phenotype asthma),59%,85%,3%,11%,<1%,,,9%,10%,3%,2015,,IMMUNOLOGY
ODOMZO,Treatment of locally advanced basal cell carcinoma,37%,94%,<1%,0%,6%,,,54%,34%,23%,2015,,ONCOLOGY
ORKAMBI,Treatment of cystic fibrosis,49%,99%,0%,0%,1%,,,0%,0%,0%,2015,,UNKNOWN
PORTRAZZA,For the treatment of metastatic squamous non-small cell lung cancer,17%,84%,1%,8%,8%,,,39%,4%,1%,2015,,ONCOLOGY
PRALUENT,Treatment of certain patients with high cholesterol,40%,90%,4%,3%,3%,,,32%,6%,<1%,2015,,CARDIOVASCULAR
PRAXBIND,Reversal of the anticoagulant effects of Pradaxa during emergency situations or when there is a need to reverse its blood-thinning effects.,47%,85%,<1%,7%,7%,,,90%,60%,44%,2015,,CARDIOVASCULAR
REPATHA‚Ä†‚Ä†,Treatment of certain patients with high cholesterol,50%,84%,5%,9%,2%,,,28%,3%,<1%,2015,,CARDIOVASCULAR
REPATHA‚Ä°‚Ä°,Treatment of certain patients with high cholesterol,49%,90%,0%,4%,6%,,,0%,0%,0%,2015,,CARDIOVASCULAR
REXULTI,Treatment of schizophrenia,37%,63%,24%,7%,6%,,,<1%,0%,0%,2015,,MENTAL HEALTH
REXULTI,Treatment of major depressive disorder,69%,85%,12%,<1%,2%,,,<1%,0%,0%,2015,,MENTAL HEALTH
SAVAYSA,Reduction of risk of venous thromboembolism (VTE) in patients with previous VTE,43%,70%,4%,21%,5%,,,33%,13%,6%,2015,,CARDIOVASCULAR
SAVAYSA,Prevention of stroke in patients with atrial fibrillation,38%,81%,1%,14%,4%,,,74%,40%,17%,2015,,CARDIOVASCULAR
STRENSIQ(^),"Treatment of perinatal, infantile and juvenile-onset hypophosphatasia (HPP)",52%,81%,0%,9%,10%,,,0%,0%,0%,2015,,ENDOCRINOLOGY & METABOLISM
STRENSIQ(^^),"Treatment of perinatal, infantile and juvenile-onset hypophosphatasia (HPP)",50%,95%,0%,0%,5%,,,0%,0%,0%,2015,,ENDOCRINOLOGY & METABOLISM
TAGRISSO,Treatment of patients with advanced non-small cell lung cancer (NSCLC),68%,36%,<1%,60%,3%,,,45%,13%,4%,2015,,ONCOLOGY
TRESIBA*,To improve glucose control in adults with diabetes mellitus,44%,80%,1%,16%,2%,,,7%,<1%,<1%,2015,,ENDOCRINOLOGY & METABOLISM
TRESIBA**,To improve glucose control in adults with diabetes mellitus,44%,70%,7%,21%,2%,,,24%,3%,<1%,2015,,ENDOCRINOLOGY & METABOLISM
UNITUXIN,Treatment of children with high-risk neuroblastoma,40%,82%,7%,3%,8%,,,N/A,N/A,N/A,2015,,ONCOLOGY
UPTRAVI,For the treatment of adults with pulmonary artery hypertension,80%,75%,2%,21%,2%,,,18%,1%,<1%,2015,,CARDIOVASCULAR
VARUBI,To prevent delayed phase chemotherapy-induced nausea and vomiting,60%,75%,2%,14%,9%,,,26%,5%,1%,2015,,ONCOLOGY
VELTASSA,Treatment of hyperkalemia,39%,99%,<1%,<1%,<1%,,,61%,21%,4%,2015,,ENDOCRINOLOGY & METABOLISM
VIBERZI,Treatment of irritable bowel syndrome with diarrhea,66%,86%,12%,1%,2%,,,10%,6%,<1%,2015,,UNKNOWN
VRAYLAR,Treatment of schizophrenia,28%,43%,34%,17%,6%,,,<1%,0%,0%,2015,,MENTAL HEALTH
VRAYLAR,Treatment of bipolar disorder,41%,49%,25%,24%,2%,,,<1%,0%,0%,2015,,MENTAL HEALTH
XURIDEN,Treatment of patients with hereditary orotic aciduria,25%,100%,0%,0%,0%,,,N/A,N/A,N/A,2015,,UNKNOWN
YONDELIS,Treatment of certain types of advances tissue sarcoma,70%,76%,12%,4%,8%,,,22%,3%,<1%,2015,,ONCOLOGY
ZURAMPIC,For lowering uric acid levels in the blood of adult patients with gout,4%,78%,12%,6%,5%,,,13%,3%,<1%,2015,,ENDOCRINOLOGY & METABOLISM
ADLYXIN¬ß,treatment of type 2 diabetes mellitus,52%,64%,3%,32%,2%,,,19%,,,2016,,ENDOCRINOLOGY & METABOLISM
ADLYXIN¬ß¬ß,treatment of type 2 diabetes mellitus,31%,75%,4%,13%,8%,,,34%,,,2016,,ENDOCRINOLOGY & METABOLISM
ANTHIM,For the treatment of inhalational anthrax,46%,69%,28%,1%,2%,,,9%,,,2016,,INFECTIOUS DISEASE
AXUMIN,Detection of prostate cancer recurrence,0%,31%,4%,<1%,64%,,,66%,,,2016,,ONCOLOGY
BRIVIACT,Treatment of partial-onset seizures,49%,74%,3%,12%,11%,,,2%,,,2016,,NEUROLOGY
CINQUAIR,For the treatment of a specific type of severe asthma (called eosinophilic phenotype asthma),62%,73%,12%,8%,8%,,,6%,,,2016,,IMMUNOLOGY
DEFITELIO,Treatment of hepatic veno-occlusive disease (VOD),45%,71%,6%,4%,19%,,,0%,,,2016,,ONCOLOGY
EPCLUSA,"Treatment of chronic Hepatitis C virus genotypes 1, 2, 3, 4, 5 or 6 infection.",38%,85%,6%,7%,2%,,,11%,,,2016,,INFECTIOUS DISEASE
EUCRISA,To treat mild to moderate eczema (atopic dermatitis) in patients two years of age and older,56%,61%,28%,5%,6%,,,0%,,,2016,,DERMATOLOGY
EXONDYS 51#,Treatment of Duchenne muscular dystrophy (DMD) in patients who have a confirmed mutation of the DMD gene that is amenable to exon 51 skipping,0%,92%,0%,8%,0%,,,0%,,,2016,,
EXONDYS 51##,Treatment of Duchenne muscular dystrophy (DMD) in patients who have a confirmed mutation of the DMD gene that is amenable to exon 51 skipping,0%,100%,0%,0%,0%,,,0%,,,2016,,
LARTRUVO,Treatment of soft tissue sarcoma,56%,86%,8%,3%,2%,,,32%,,,2016,,ONCOLOGY
NETSPOT,For detection of a specific type of tumors called somatostatin receptor positive neuro-endocrine tumors (NETs),52%,N/A,N/A,N/A,100%,,,N/A,,,2016,,ONCOLOGY
NUPLAZID,Treatment of hallucinations and delusions in patients with Parkinson‚Äôs disease,36%,91%,1%,5%,3%,,,82%,,,2016,,MENTAL HEALTH
OCALIVA,Treatment of primary biliary cholangitis in adults,91%,94%,1%,1%,3%,,,19%,,,2016,,IMMUNOLOGY
RUBRACA,Treatment of women with certain type of advanced ovarian cancer,100%,80%,2%,6%,12%,,,42%,,,2016,,ONCOLOGY
SPINRAZA,Spinal muscular atrophy (SMA),55%,86%,2%,6%,6%,,,0%,,,2016,,
TALTZ,Treatment of moderate to severe plaque psoriasis in adults,32%,93%,2%,4%,1%,,,7%,,,2016,,DERMATOLOGY
TECENTRIQ,Treatment of a type of bladder cancer called urothelial carcinoma,78%,91%,2%,2%,5%,,,59%,,,2016,,ONCOLOGY
VENCLEXTA,Treatment of chronic lymphocytic leukemia (CLL),31%,94%,3%,<1%,3%,,,58%,,,2016,,ONCOLOGY
XIIDRA,Treatment of the signs and symptoms of dry eye disease,76%,85%,9%,4%,2%,,,37%,,,2016,,
ZEPATIER,Treatment of chronic Hepatis C genotypes 1 or 4 infection,39%,75%,15%,9%,1%,,,11%,,,2016,,INFECTIOUS DISEASE
ZINBRYTA,Treatment of relapsing forms of multiple sclerosis (MS),67%,91%,1%,3%,5%,,,0%,,,2016,,IMMUNOLOGY
ZINPLAVA,Decreasing the risk of Clostridium difficile infection recurrence,57%,85%,5%,8%,2%,,,62%,,,2016,,INFECTIOUS DISEASE
ALIQOPA,Treatment of relapsed follicular lymphoma,54%,83%,0%,9%,8%,6%,13%,48%,,,2017,"Note: Values for ""OTHER"" category were calculated by subtracting all other race category values from 1.",ONCOLOGY
ALUNBRIG,Treatment of metastatic non-small cell lung cancer,57%,67%,1%,31%,1%,6%,NR,23%,,,2017,,ONCOLOGY
AUSTEDO,Treatment of chorea associated with Huntington‚Äôs disease,44%,92%,6%,0%,2%,0%,93%,19%,,,2017,,NEUROLOGY
BAVENCIO,Treatment of metastatic Merkel cell carcinoma,26%,92%,0%,3%,5%,6%,58%,75%,,,2017,,ONCOLOGY
BAXDELA,Treatment of acute bacterial skin and skin structure infection,37%,86%,5%,0%,9%,28%,52%,14%,,,2017,,INFECTIOUS DISEASE
BENZNIDAZOLE,Treatment of Chagas disease,46%,NR,NR,NR,1,NR,0%,0%,,,2017,,INFECTIOUS DISEASE
BESPONSA,Treatment of B-cell acute lymphocytic leukemia,41%,71%,2%,17%,10%,NR,47%,37%,,,2017,,ONCOLOGY
BEVYXXA,Prevention of venous thromboembolism,54%,93%,2%,<1%,5%,11%,7%,90%,,,2017,,HEMATOLOGY
BRINEURA,Treatment of Batten disease,63%,96%,0%,4%,0%,4%,13%,0%,,,2017,,NEUROLOGY
CALQUENCE,Treatment of mantle cell lymphoma,20%,74%,3%,0%,23%,3%,36%,65%,,,2017,,ONCOLOGY
DUPIXENT,Treatment of atopic dermatitis,42%,67%,6%,24%,3%,4%,34%,4%,,,2017,,DERMATOLOGY
EMFLAZA,Treatment of Duchenne muscular dystrophy,0%,94%,0%,1%,5%,NR,NR,0%,,,2017,,NEUROLOGY
FASENRA,Treatment of eosinophilic asthma,63%,80%,3%,12%,5%,20%,15%,13%,,,2017,,IMMUNOLOGY
GIAPREZA,To increase blood pressure in septic or other distributive shock,39%,80%,10%,4%,6%,5%,74%,48%,,,2017,,HEMATOLOGY
HEMLIBRA,To prevent or reduce bleeding in patients with hemophilia A,0%,56%,11%,26%,7%,12%,28%,3%,,,2017,,HEMATOLOGY
IDHIFA,Treatment of relapsed acute myelogenous leukemia,49%,77%,6%,<1%,17%,9%,83%,60%,,,2017,,ONCOLOGY
IMFINZI,Treatment of urothelial carcinoma,28%,64%,3%,20%,13%,NR,49%,62%,,,2017,,ONCOLOGY
INGREZZA,Treatment of tardive dyskinesia,42%,57%,39%,<1%,4%,28%,100%,18%,,,2017,,NEUROLOGY
KEVZARA,Treatment of rheumatoid arthritis,82%,81%,3%,6%,10%,39%,14%,13%,,,2017,,IMMUNOLOGY
KISQALI,"Treatment of HR-positive, HER2-negative breast cancer",100%,82%,3%,8%,7%,10%,32%,44%,,,2017,,ONCOLOGY
MACRILEN,Diagnosis of adult growth hormone deficiency,42%,86%,2%,3%,9%,NR,24%,2%,,,2017,,ENDOCRINOLOGY & METABOLISM
MAVYRET,"Treatment of chronic hepatitis C genotypes 1, 2, 3, 4, 5 or 6",44%,80%,6%,12%,2%,9%,32%,14%,,,2017,,INFECTIOUS DISEASE
MEPSEVII,Treatment of mucopolysaccharidosis VII,67%,75%,0%,0%,25%,50%,100%,0%,,,2017,,ENDOCRINOLOGY & METABOLISM
NERLYNX,Treatment of HER2 positive breast cancer,100%,81%,3%,13%,3%,2%,32%,12%,,,2017,,ONCOLOGY
OCREVUS,Treatment of multiple sclerosis,61%,92%,4%,0%,4%,11%,26%,0%,,,2017,,NEUROLOGY
OZEMPIC,Treatment of type 2 diabetes mellitus,42%,70%,6%,22%,2%,16%,28%,34%,,,2017,,ENDOCRINOLOGY & METABOLISM
PARSABIV,Treatment of secondary hyperparathyroidism in patients with chronic kidney disease on hemodialysis,40%,66%,28%,3%,3%,13%,52%,35%,,,2017,,ENDOCRINOLOGY & METABOLISM
PREVYMIS,Prevention of cytomegalovirus infection in allogeneic hematopoietic stem cell transplant,42%,82%,2%,10%,6%,7%,36%,16%,,,2017,,INFECTIOUS DISEASE
RADICAVA,Treatment of amyotrophic lateral sclerosis,39%,0%,0%,100%,0%,0%,0%,30%,,,2017,,NEUROLOGY
RHOPRESSA,Treatment of open angle glaucoma,62%,73%,25%,2%,0%,19%,100%,54%,,,2017,,ONCOLOGY
RYDAPT,Treatment of acute myelogenous leukemia,56%,38%,2%,2%,58%,2%,33%,0%,,,2017,,ONCOLOGY
RYDAPT,Treatment of systemic mastocytosis,36%,93%,1%,0%,6%,3%,41%,45%,,,2017,,ONCOLOGY
SILIQ,Treatment of plaque psoriasis,31%,91%,3%,3%,3%,NR,22%,6%,,,2017,,DERMATOLOGY
SOLOSEC,Treatment of bacterial vaginosis,100%,46%,50%,1%,3%,15%,100%,0%,,,2017,,INFECTIOUS DISEASE
STEGLATRO,Treatment of type 2 diabetes mellitus,48%,77%,5%,13%,5%,24%,28%,26%,,,2017,,ENDOCRINOLOGY & METABOLISM
SYMPROIC,Treatment of opioid-induced constipation,62%,80%,18%,1%,1%,8%,85%,15%,,,2017,,ENDOCRINOLOGY & METABOLISM
TREMFYA,Treatment of plaque psoriasis,29%,82%,2%,14%,2%,6%,20%,5%,,,2017,,DERMATOLOGY
TRULANCE,Treatment of chronic idiopathic constipation,79%,72%,23%,3%,2%,41%,98%,11%,,,2017,,ENDOCRINOLOGY & METABOLISM
TYMLOS,Treatment of postmenopausal osteoporosis,100%,80%,3%,16%,1%,24%,2%,81%,,,2017,,ENDOCRINOLOGY & METABOLISM
VABOMERE,Treatment of complicated urinary tract infection,66%,93%,1%,2%,4%,8%,3%,35%,,,2017,,INFECTIOUS DISEASE
VERZENIO,"Treatment of HR-positive, HER2-negative breast cancer",100%,61%,2%,27%,10%,12%,19%,36%,,,2017,,ONCOLOGY
VOSEVI,"Treatment of hepatitis C genotypes 1, 2, 3, 4, 5 or 6",23%,84%,12%,2%,2%,7%,57%,16%,,,2017,,INFECTIOUS DISEASE
VYZULTA,Treatment of glaucoma,58%,74%,24%,1%,1%,12%,91%,52%,,,2017,,ONCOLOGY
XADAGO,Treatment of Parkinson‚Äôs disease,33%,41%,<1%,59%,0,2%,8%,38%,,,2017,,NEUROLOGY
XEPI,Treatment of impetigo,44%,53%,34%,4%,9%,17%,23%,3%,,,2017,,INFECTIOUS DISEASE
XERMELO,Treatment of carcinoid syndrome diarrhea,50%,90%,1%,0%,9%,0%,32%,49%,,,2017,,ENDOCRINOLOGY & METABOLISM
ZEJULA,Treatment of ovarian cancer,100%,87%,1%,3%,9%,3%,70%,35%,,,2017,,ONCOLOGY
ASPARLAS,Treatment of acute lymphoblastic leukemia (ALL) in children and young adults,38%,70%,5%,4%,,17%,62%,0%,,,2018,REPLCED 2018 DATA WITH THAT AVAILABLE FROM THE 2018 FDA SNAPSHOT,ONCOLOGY
BRAFTOVI*,Treatment of melanoma (a type of skin cancer) when used with another drug binimetinib,41%,91%,0%,3%,,9%,9%,29%,,,2018,,ONCOLOGY
COPIKTRA,"Treatment of chronic lymphocytic leukemia (CLL), small lymphocytic lymphoma (SLL), and follicular lymphoma (FL)",35%,92%,3%,< 1,,11%,30%,61%,,,2018,,ONCOLOGY
DAURISMO,Treatment of newly diagnosed acute myeloid leukemia (ALL) in those who cannot tolerate induction chemotherapy.,28%,98%,<1,2%,,NR,23%,98%,,,2018,,ONCOLOGY
ELZONRIS,Treatment of blastic plasmacytoid dendritic cell neoplasm (BPDCN) in adults and children,23%,90%,4%,3%,,10%,100%,56%,,,2018,,ONCOLOGY
ERLEADA,Treatment of prostate cancer that has not spread to other parts of the body (non- metastatic),0%,66%,6%,12%,,1%,28%,88%,,,2018,,ONCOLOGY
LIBTAYO,Treatment of advanced skin cancer (squamous cell carcinoma),15%,96%,1%,1%,,3%,62%,72%,,,2018,,ONCOLOGY
LORBRENA,Treatment of specific type of lung cancer,58%,49%,1%,37%,,NR,34%,18%,,,2018,,ONCOLOGY
LUMOXITI,Treatment of hairy cell leukemia in adults,21%,90%,1%,1%,,6%,44%,39%,,,2018,,ONCOLOGY
LUTATHERA,For the treatment of somatostatin receptor-positive gastro-entero-pancreatic neuroendocrine tumors (GEP-NETs),49%,82%,4%,< 1,,3%,58%,49%,,,2018,,ONCOLOGY
MEKTOVI*,Treatment of melanoma (a type of skin cancer) when used with another drug encorafenib,,,,,,,,,,,2018,,ONCOLOGY
POTELIGEO,Treatment of adults with mycosis fungoides or Sézary syndrome,42%,70%,10%,5%,,4%,54%,50%,,,2018,,ONCOLOGY
TALZENNA,Treatment of adults with a specific form of breast cancer,98%,70%,3%,11%,,11%,36%,9%,,,2018,,ONCOLOGY
TIBSOVO,Treatment of adults with acute myeloid leukemia (AML) that have a mutation in a gene called IDH1 and whose disease has come back or has not improved after previous treatment(s),50%,63%,6%,3%,,5%,83%,37%,,,2018,,ONCOLOGY
VITRAKVI,Treatment of solid tumors which are metastatic and beyond surgical resection or do not have any other therapeutic options,48%,72%,8%,3%,,11%,88%,21%,,,2018,,ONCOLOGY
VIZIMPRO,Treatment of advanced non-small cell lung cancer,60%,23%,<1,77%,,0%,0%,40%,,,2018,,ONCOLOGY
XOSPATA,Treatment of relapsed or refractory acute myeloid leukemia with one specific gene mutation,53%,62%,5%,24%,,5%,57%,41%,,,2018,,ONCOLOGY
AEMCOLO,Treatment of traveler’s diarrhea in adults,50%,83%,1%,14%,,3%,0%,9%,,,2018,,INFECTIOUS DISEASE
BIKTARVY,Treatment of human immunodeficiency virus 1 (HIV-1) infection in adults,13%,63%,29%,3%,,21%,65%,2%,,,2018,,INFECTIOUS DISEASE
KRINTAFEL,"Prevention of malaria relapse caused by the parasite, Plasmodium vivax",25%,2%,11%,19%,,70%,0%,2%,,,2018,,INFECTIOUS DISEASE
MOXIDECTIN,Treatment of onchocerciasis in patients 12 years of age and older,36%,0%,100%,0%,,0%,0%,9%,,,2018,,INFECTIOUS DISEASE
NUZYRA,Treatment of bacterial skin infections known as acute bacterial skin and skin structure infections (ABSSSI) caused by certain bacteria,42%,92%,4%,< 1,,35%,83%,7%,,,2018,,INFECTIOUS DISEASE
NUZYRA,Treatment of community-acquired bacterial pneumonia (CABP),45%,92%,2%,5%,,3%,< 1,42%,,,2018,,INFECTIOUS DISEASE
PIFELTRO,Treatment of HIV-1 infection in adults,16%,61%,21%,9%,,28%,30%,1%,,,2018,,INFECTIOUS DISEASE
TPOXX,Treatment of smallpox disease,59%,69%,28%,1%,,11%,100%,10%,,,2018,,INFECTIOUS DISEASE
TROGARZO,Treatment of human immunodeficiency virus 1 (HIV-1) infection in adults.,15%,55%,33%,10%,,25%,90%,5%,,,2018,,INFECTIOUS DISEASE
XERAVA,Treatment of complicated intra-abdominal infections caused by bacteria,43%,98%,< 1,< 1,,2%,5%,30%,,,2018,,INFECTIOUS DISEASE
XOFLUZA,Treatment of the flu (influenza) in people 12 years of age and older,50%,26%,6%,67%,,15%,34%,0%,,,2018,,INFECTIOUS DISEASE
ZEMDRI,Treatment of adults who have a complicated urinary tract infection,53%,99%,0%,0%,,1%,1%,46%,,,2018,,INFECTIOUS DISEASE
AIMOVIG,Preventive treatment of migraine in adults,85%,15%,7%,1%,,7%,49%,0%,,,2018,,NEUROLOGY
AJOVY,Preventive treatment of migraine in adults,87%,80%,9%,10%,,10%,73%,2%,,,2018,,NEUROLOGY
DIACOMIT,Treatment of seizures associated with Dravet syndrome in patients 2 years of age and older taking clobazam,53%,NR,NR,NR,,NR,0%,0%,,,2018,,NEUROLOGY
EMGALITY,Preventive treatment of migraine in adults,85%,77%,8%,6%,,21%,62%,< 1,,,2018,,NEUROLOGY
EPIDIOLEX,Treatment of seizures in two rare and severe forms of epilepsy.,46%,86%,4%,2%,,2%,75%,0%,,,2018,,NEUROLOGY
FIRDAPSE,Treatment of Lambert-Eaton myasthenic syndrome (LEMS) in adults,61%,89%,1%,1%,,13%,61%,20%,,,2018,,NEUROLOGY
ONPATTRO,Treatment of nerve damage in adult patients with hereditary tranthyretin-mediated amyloidosis,26%,73%,2%,23%,,12%,19%,42%,,,2018,,NEUROLOGY
TEGSEDI,Treatment of nerve damage in adult patients with hereditary transthyretin-mediated amyloidosis,31%,93%,2%,2%,,14%,48%,43%,,,2018,,NEUROLOGY
AKYNZEO,Prevention of the nausea and vomiting in adults receiving chemotherapy,40%,100%,<1,<1,,NR,1%,32%,,,2018,,ONCOLOGY
ANNOVERA,Pregnancy prevention in women,100%,70%,14%,4%,,30%,67%,0%,,,2018,,UNKNOWN
CRYSVITA,Treatment of X-linked hypophosphatemia,60%,83%,3%,11%,,8%,59%,< 1,,,2018,,UNKNOWN
DOPTELET,Treatment of adults with low platelet count,35%,60%,3%,33%,,18%,19%,25%,,,2018,,HEMATOLOGY
GALAFOLD,Treatment of Fabry disease in adults,64%,97%,0%,0%,,6%,30%,1%,,,2018,,ENDOCRINOLOGY & METABOLISM
GAMIFANT,Treatment of patients with primary hemophagocytic lymphohistiocytosis,53%,65%,9%,15%,,NR,24%,0%,,,2018,,HEMATOLOGY
ILUMYA,Treatment of moderate to severe plaque psoriasis,29%,80%,3%,14%,,9%,33%,9%,,,2018,,DERMATOLOGY
LOKELMA,Treatment of hyperkalemia in adults,41%,85%,12%,2%,,33%,90%,57%,,,2018,,ENDOCRINOLOGY & METABOLISM
LUCEMYRA,Treatment of symptoms associated with opioid withdrawal during abrupt opioid discontinuation.,28%,67%,22%,<1,,17%,100%,<1,,,2018,,NEUROLOGY
MOTEGRITY,Treatment of chronic idiopathic constipation (CIC) in adults,76%,76%,3%,19%,,NR,3%,15%,,,2018,,ENDOCRINOLOGY & METABOLISM
MULPLETA,Treatment of adults with low platelet count,41%,50%,<1,47%,,8%,9%,37%,,,2018,,HEMATOLOGY
OLUMIANT,Treatment of adult patients with rheumatoid arthritis (RA) whose disease was not well controlled using RA medications called Tumor Necrosis Factor (TNF) antagonists,80%,67%,3%,25%,,25%,22%,18%,,,2018,,IMMUNOLOGY
OMEGAVEN,Treatment of parenteral nutrition-associated cholestasis (PNAC),42%,63%,12%,4%,,20%,100%,0%,,,2018,,ENDOCRINOLOGY & METABOLISM
ORILISSA,Treatment of moderate to severe pain associated with endometriosis,100%,88%,9%,1%,,15%,75%,0%,,,2018,,IMMUNOLOGY
OXERVATE,Treatment of neurotrophic keratitis,62%,90%,3%,NR,,10%,31%,47%,,,2018,,NEUROLOGY
PALYNZIQ,Lowering the blood levels of phenylalanine in adults with phenylketonuria (PKU),50%,98%,1%,0%,,3%,100%,0%,,,2018,,ENDOCRINOLOGY & METABOLISM
REVCOVI,Treatment of adenosine deaminase severe combined immune deficiency (ADA-SCID).,40%,30%,10%,40%,,30%,60%,0%,,,2018,,IMMUNOLOGY
SEYSARA,Treatment of certain types of acne vulgaris in patients 9 years and older,58%,77%,16%,3%,,27%,100%,0%,,,2018,,DERMATOLOGY
SYMDEKO,Treatment of cystic fibrosis,50%,97%,1%,<1,,3%,0%,0%,,,2018,,UNKNOWN
TAKHZYRO,Prevention of attacks of hereditary angioedema in people 12 years and older,70%,90%,8%,2%,,4%,7%,4%,,,2018,,IMMUNOLOGY
TAVALISSE,Treatment of adults with low platelet count due to chronic immune thrombocytopenia (ITP),61%,93%,3%,3%,,3%,13%,26%,,,2018,,HEMATOLOGY
ULTOMIRIS,Treatment of adults with paroxysmal nocturnal hemoglobinuria (PNH),47%,47%,3%,39%,,6%,4%,14%,,,2018,,HEMATOLOGY
YUPELRI,Maintenance treatment of adults with a lung disease called COPD,51%,90%,9%,1%,,4%,100%,48%,,,2018,,UNKNOWN
ACCRUFER,Treatment of iron deficiency,68,83,12,2,,14,57,41,,,2019,,HEMATOLOGY
ADAKVEO,Treatment of vasooclusive crisis in sickle cell disease,55,5,91,NR,,24,75,0,,,2019,,HEMATOLOGY
CABLIVI,Treatment of an episode of acquired thrombotic thrombocytopenic purpura,67,74,17,2,,3,22,6,,,2019,,HEMATOLOGY
GIVLAARI,Treatment of acute hepatic porphyria,89,78,1,16,,9,34,1,,,2019,,HEMATOLOGY
OXBRYTA,Treatment of sickle cell disease,59,24,67,1,,3,36,0,,,2019,,HEMATOLOGY
REBLOZYL,Treatment of anemia in patients with beta thalassemia,58,54,1,35,,2,8,0,,,2019,,HEMATOLOGY
BALVERSA,Treatment of urothelial carcinoma,21,74,2,5,,2,22,61,,,2019,,ONCOLOGY
BRUKINSA,Treatment of mantle cell lymphoma,25,21,1,76,,NR,8,39,,,2019,,ONCOLOGY
ENHERTU,Treatment of metastatic HER2-positive breast cancer,100,51,3,42,,6,35,26,,,2019,,ONCOLOGY
INREBIC,Treatment of myelofibrosis,43,92,1,7,,NR,8,45,,,2019,,ONCOLOGY
NUBEQA,Treatment of prostate cancer,0,79,3,13,,3,9,87,,,2019,,ONCOLOGY
PADCEV,Treatment of urothelial carcinoma,30,85,2,9,,4,94,64,,,2019,,ONCOLOGY
PIQRAY,Treatment of advanced breast cancer,100,66,1,22,,14,9,44,,,2019,,ONCOLOGY
POLIVY,Treatment of diffuse large B-cell lymphoma,34,71,4,12,,3,30,61,,,2019,,ONCOLOGY
ROZLYTREK,Treatment of non-small cell lung cancer,55,66,5,23,,3,51,25,,,2019,,ONCOLOGY
ROZLYTREK,Treatment of certain solid tumors,,,,,,,,,,,2019,,ONCOLOGY
TURALIO,Treatment of tenosynovial giant cell tumor,59,88,3,3,,14,38,6,,,2019,,ONCOLOGY
XPOVIO,Treatment of multiple myeloma,47,73,17,1,,5,81,48,,,2019,,ONCOLOGY
MAYZENT,Treatment of relapsing forms of multiple sclerosis,60,95,1,3,,6,9,0,,,2019,,NEUROLOGY
NOURIANZ,Treatment of “off episodes” in patients with Parkinson’s disease,49,34,1,64,,NR,32,52,,,2019,,NEUROLOGY
REYVOW,Treatment of acute migraine,84,78,18,1,,18,90,4,,,2019,,NEUROLOGY
UBRELVY,Treatment of acute migraine,89,82,15,1,,15,100,3,,,2019,,NEUROLOGY
VYONDYS 53,Treatment of Duchenne muscular dystrophy,0,86,2,6,,16,81,0,,,2019,,NEUROLOGY
XCOPRI,Treatment of partial-onset seizures,49,74,3,21,,7,29,2,,,2019,,NEUROLOGY
CAPLYTA,Treatment of schizophrenia,24,21,75,1,,9,100,0,,,2019,,PSYCHIATRY & SLEEP DISORDER
DAYVIGO,Treatment of insomnia,76,73,15,11,,12,54,35,,,2019,,PSYCHIATRY & SLEEP DISORDER
SUNOSI,Improvement of wakefulness in patients with narcolepsy or obstructive sleep apnea,49,77,18,2,,8,90,12,,,2019,,PSYCHIATRY & SLEEP DISORDER
WAKIX,Treatment of excessive daytime sleepiness in patients with narcolepsy,50,55,2,NR,,NR,0,6,,,2019,,PSYCHIATRY & SLEEP DISORDER
ZULRESSO,Treatment of postpartum depression,100,61,36,1,,17,100,0,,,2019,,PSYCHIATRY & SLEEP DISORDER
AKLIEF,Treatment of acne vulgaris,55,87,7,3,,17,45,0,,,2019,,DERMATOLOGY
BEOVU,Treatment of wet age-related macular degeneration,56,86,1,11,,8,33,90,,,2019,,UNKNOWN
EGATEN,Treatment of fascioliasis,58,NR,NR,NR,,NR,0,4,,,2019,,INFECTIOUS DISEASE
EVENITY,Treatment of osteoporosis in postmenopausal women,100,62,2,10,,37,2,82,,,2019,,UNKNOWN
EXEM FOAM,Detection of fallopian tubes patency in women with infertility,100,NR,NR,NR,,NR,0,NR,,,2019,,UNKNOWN
FETROJA,Treatment of complicated urinary tract infection,55,96,NR,3,,2,2,53,,,2019,,INFECTIOUS DISEASE
FLUORODOPA F 18,Detection of certain nerve cells in patients with Parkinsonian syndromes,32,NR,NR,NR,,NR,100,63,,,2019,,NEUROLOGY
Ga 68 DOTATOC,Detection of somatostatin receptor positive neuroendocrine tumors,57,94,2,1,,2,100,18,,,2019,,ONCOLOGY
IBSRELA,Treatment of irritable bowel syndrome with constipation,82,64,31,3,,28,100,8,,,2019,,UNKNOWN
JEUVEAU,Temporary improvement of glabellar lines,91,84,8,2,,0,100,10,,,2019,,UNKNOWN
PRETOMANID,Treatment of lung tuberculosis,48,1,76,NR,,NR,0,0,,,2019,,INFECTIOUS DISEASE
RECARBRIO,Treatment of complicated urinary infection,43,92,1,3,,6,4,30,,,2019,,INFECTIOUS DISEASE
RINVOQ,Treatment of rheumatoid arthritis,79,85,6,7,,27,26,20,,,2019,,IMMUNOLOGY
SCENESSE,Increasing pain-free light exposure in patients with EPP,47,98,0,1,,NR,70,4,,,2019,,NEUROLOGY
SKYRIZI,Treatment of plaque psoriasis,30,78,3,17,,11,40,11,,,2019,,DERMATOLOGY
TISSUEBLUE,Staining the internal limiting membrane,NR,NR,NR,NR,,NR,NR,NR,,,2019,,UNKNOWN
TRIKAFTA,Treatment of cystic fibrosis,50,93,1,NR,,4,60,0,,,2019,,UNKNOWN
VYLEESI,Treatment of women with hypoactive sexual desire disorder,100,86,12,1,,9,97,0,,,2019,,NEUROLOGY
VYNDAQEL/ VYNDAMAX,Treatment of certain type of cardiomyopathy,10,81,14,NR,,3,63,91,,,2019,,CARDIOVASCULAR
XENELTA,Treatment o,44,79,5,11,,8,2,40,,,2019,,INFECTIOUS DISEASE
AYVAKIT,Treatment of gastrointestinal stromal tumors,39,72,4,10,,3,45,40,,,2020,,ONCOLOGY
BLENREP,Treatment of multiple myeloma,47,78,16,2,,4,61,53,,,2020,,ONCOLOGY
DANYELZA,Treatment of neuroblastoma,37,69,3,18,,6,84,0,,,2020,,ONCOLOGY
GAVRETO,Treatment of non-small cell lung cancer,52,50,0,41,,4,26,37,,,2020,,ONCOLOGY
INQOVI,Treatment of myelodyspastic syndromes,31,92,3,2,,5,82,75,,,2020,,ONCOLOGY
KOSELUGO,Treatment of neurofibroma,40,84,8,2,,4,100,0,,,2020,,ONCOLOGY
MARGENZA,Treatment of metastatic HER2-positive breast cancer,99,80,5,6,,9,33,21,,,2020,,ONCOLOGY
MONJUVI,Treatment of diffuse large B-cell lymphoma,46,89,0,3,,NR,7,69,,,2020,,ONCOLOGY
ORGOVYX,Treatment of prostate cancer,0,68,5,21,,9,24,81,,,2020,,ONCOLOGY
PEMAZYRE,Treatment of metastatic bile duct cancer,57,71,6,15,,4,61,31,,,2020,,ONCOLOGY
QINLOCK,Treatment of gastrointestinal stromal tumors,43,75,8,7,,1,47,39,,,2020,,ONCOLOGY
RETEVMO,Treatment of certain cancers caused by specific genes,48,69,3,22,,5,61,34,,,2020,,ONCOLOGY
SARCLISA,Treatment of multiple myeloma,48,80,1,12,,2,2,60,,,2020,,ONCOLOGY
TABRECTA,Treatment of non-small cell lung cancer,41,74,1,24,,7,10,57,,,2020,,ONCOLOGY
TAZVERIK,Treatment of advanced epithelioid sarcoma,37,76,7,11,,11,65,3,,,2020,,ONCOLOGY
TRODELVY,Treatment of breast cancer,99,76,7,3,,7,100,18,,,2020,,ONCOLOGY
TUKYSA,Treatment of breast cancer,99,73,9,4,,8,54,19,,,2020,,ONCOLOGY
ZEPZELCA,"
Treatment of small cell lung cancer",40,75,1,1,,NR,10,35,,,2020,,ONCOLOGY
EVRYSDI,Treatment of spinal muscular atrophy,53,69,1,19,,3,3,0,,,2020,,NEUROLOGY
NURTEC ODT,Treatment of acute migraine,85,75,20,2,,19,100,2,,,2020,,NEUROLOGY
ONGENTYS,"Treatment of ""off episodes"" in Parkinson's disease",42,85,0,14,,NR,0,48,,,2020,,NEUROLOGY
VILTEPSO,Treatment of Duchenne muscular dystrophy,0,44,0,56,,6,38,0,,,2020,,NEUROLOGY
VYEPTI,Treatment of migraine,87,88,9,1,,12,68,1,,,2020,,NEUROLOGY
ZEPOSIA,Treatment of multiple sclerosis,67,99,1,0,,1,3,0,,,2020,,NEUROLOGY
ARTESUNATE,Treatment of malaria,26,NR,NR,NR,,NR,0,3,,,2020,,INFECTIOUS DISEASE
EBANGA,Treatment of Ebola infection,54,NR,NR,NR,,NR,0,3,,,2020,,INFECTIOUS DISEASE
INMAZEB,Treatment of Ebola infection,55,NR,NR,NR,,NR,0,NR,,,2020,,INFECTIOUS DISEASE
LAMPIT,Treatment of Chagas disease,54,71,0,0,,99,0,0,,,2020,,INFECTIOUS DISEASE
RUKOBIA,Treatment of HIV-1 infection,26,68,22,1,,29,32,4,,,2020,,INFECTIOUS DISEASE
VEKLURY,Treatment of COVID-19,37,57,18,14,,21,65,35,,,2020,,INFECTIOUS DISEASE
BARHEMSYS,Treatment of post-operative nausea and vomiting,88,79,9,1,,10,63,14,,,2020,,NEUROLOGY
BYFAVO,Sedation for short procedures,52,78,17,4,,8,100,31,,,2020,,NEUROLOGY
CERIANNA,Detection of estrogen positive lesions in breast cancer,100,15,2,83,,0,17,NR,,,2020,,ONCOLOGY
DETECTNET,Detection of certain neuro-endocrine tumors,48,31,3,1,,6,36,38,,,2020,,ONCOLOGY
DOJOLVI,Source of calories for fatty acid oxidation disorder,48,87,5,4,,9,91,0,,,2020,,ENDOCRINOLOGY & METABOLISM
ENSPRYNG,Treatment of neuromyelitis optica spectrum disorder,91,48,12,35,,9,29,NR,,,2020,,UNKNOWN
Ga 68 PSMA-11,Detection of specific cancer lesions in men with prostate cancer,0,85,2,4,,4,100,72,,,2020,,ONCOLOGY
GEMTESA,Treatment of symptoms of overactive bladder,85,79,15,5,,73,90,44,,,2020,,ENDOCRINOLOGY & METABOLISM
IMCIVREE,Treatment of obesity in patients with certain rare disorder,52,67,0,4,,7,4,0,,,2020,,ENDOCRINOLOGY & METABOLISM
ISTURISA,Treatment of Cushing's disease,77,65,3,29,,9,18,5,,,2020,,IMMUNOLOGY
KLISYRI,Treatment of actinic keratosis,13,100,0,0,,4,100,73,,,2020,,DERMATOLOGY
NEXLETOL,Treatment of high LDL cholesterol,29,96,3,1,,3,26,58,,,2020,,CARDIOVASCULAR
OLINVYK,Treatment of acute pain,79,72,23,2,,19,100,18,,,2020,,NEUROLOGY
ORLADEYO,Prevention of hereditary angioedema attacks,66,94,3,1,,3,63,8,,,2020,,IMMUNOLOGY
OXLUMO,Treatment of primary hyperoxaluria type 1,40,80,0,11,,4,25,0,,,2020,,ENDOCRINOLOGY & METABOLISM
PIZENSY,Treatment of chronic idiopathic constipation,76,60,31,7,,38,100,27,,,2020,,UNKNOWN
SOGROYA,Replacement of growth hormone,52,67,2,29,,6,26,14,,,2020,,ENDOCRINOLOGY & METABOLISM
TAUVID,Detection of aggregated neurofibrillary tangles in Alzheimer's disease,50,86,5,6,,5,77,80,,,2020,,NEUROLOGY
TEPEZZA,Treatment of thyroid eye disease,73,87,8,4,,5,57,15,,,2020,,UNKNOWN
UPLIZNA,Treatment of neuromyelitis optica spectrum disorder,94,52,9,21,,19,18,5,,,2020,,IMMUNOLOGY
WINLEVI,Treatment of acne vulgaris,63,90,6,2,,14,41,0,,,2020,,DERMATOLOGY
XEGLYZE,Treatment of head lice,84,97,1,0,,66,100,0,,,2020,,DERMATOLOGY
ZOKINVY,Treatment of rare conditions related to premature aging,48,NR,NR,NR,,NR,19,0,,,2020,,UNKNOWN
